speciescode,scientific_name,family,growth_form,leaf_type,myco_asso,phenology,ps_type,nitrogen_fixer,shade_tolerance,shade_tolerance_numeric,shade_reference,myco_reference
LALA,Larix laricina (Du Roi) K. Koch,Pinaceae,tree,needle,ECM,deciduous,C3,FALSE,Intolerant,0.98,"TRY Refs 1, 38",
PISA2,Pinus sabiniana Douglas ex Douglas,Pinaceae,tree,needle,ECM?,evergreen,C3,FALSE,Intolerant,1,"TRY Refs 1, 38",
POGR4,Populus grandidentata Michx.,Salicaceae,tree,broad,EITHER,deciduous,C3,FALSE,Intolerant,1.21,"TRY Refs 1, 38",
POTR5,Populus tremuloides Michx.,Salicaceae,tree,broad,EITHER,deciduous,C3,FALSE,Intolerant,1.21,"TRY Refs 1, 38",
JUVI,Juniperus virginiana L.,Cupressaceae,tree,needle,AM,deciduous,C3,FALSE,Intolerant,1.28,"TRY Refs 1, 38",
MOAL,Morus alba L.,Moraceae,tree,broad,AM,deciduous,C3,FALSE,Intolerant,1.35,"TRY Refs 1, 38",
PRAR3,Prunus armeniaca L.,Rosaceae,tree,broad,,deciduous,C3,FALSE,Intolerant,1.35,"TRY Refs 1, 38",
PIBA2,Pinus banksiana Lamb.,Pinaceae,tree,needle,ECM,evergreen,C3,FALSE,Intolerant,1.36,"TRY Refs 1, 38",
BEPO,Betula populifolia Marshall,Betulaceae,tree,broad,ECM,deciduous,C3,FALSE,Intolerant,1.5,"TRY Refs 1, 38",
HEAR5,Heteromeles arbutifolia (Lindl.) M. Roem.,Rosaceae,tree,broad,,evergreen,C3,FALSE,Intolerant,1.5,"TRY Refs 1, 38",
PICO3,Pinus coulteri D. Don,Pinaceae,tree,needle,ECM?,evergreen,C3,FALSE,Intolerant,1.5,"TRY Refs 1, 38",
QUCH,Quercus chapmanii Sarg.,Fagaceae,tree,broad,ECM?,deciduous,C3,FALSE,Intolerant,1.5,"TRY Refs 1, 38",
BEPA,Betula papyrifera Marshall,Betulaceae,tree,broad,ECM,deciduous,C3,FALSE,Intolerant,1.54,"TRY Refs 1, 38",
QUKE,Quercus kelloggii Newberry,Fagaceae,tree,broad,ECM?,deciduous,C3,FALSE,Intolerant,1.55,"TRY Refs 1, 38",
BENAE,Betula nana L. ssp. exilis (Sukaczev) Hultén,Betulaceae,shrub,broad,ECM,deciduous,C3,FALSE,Intolerant,1.56,"TRY Refs 1, 38",
RHTY,Rhus typhina L.,Anacardiaceae,shrub,broad,AM,deciduous,C3,FALSE,Intolerant,1.56,"TRY Refs 1, 38",
LIST2,Liquidambar styraciflua L.,Hamamelidaceae,tree,broad,AM,deciduous,C3,FALSE,Intolerant,1.59,"TRY Refs 1, 38",
ALIN2,Alnus incana (L.) Moench,Betulaceae,tree,broad,AM,deciduous,C3,TRUE,Intolerant,1.63,"TRY Refs 1, 38",
PIPO,Pinus ponderosa Lawson & C. Lawson,Pinaceae,tree,needle,ECM,evergreen,C3,FALSE,Intolerant,1.64,"TRY Refs 1, 38",
PISY,Pinus sylvestris L.,Pinaceae,tree,needle,ECM,evergreen,C3,FALSE,Intolerant,1.67,"TRY Refs 1, 38",
POCA19,Populus ×canadensis Moench (pro sp.),Salicaceae,tree,broad,AM + ECM,deciduous,C3,FALSE,Intolerant,1.67,"TRY Refs 1, 38",
PRPE3,Prunus persica (L.) Batsch,Rosaceae,tree,broad,AM,deciduous,C3,FALSE,Intolerant,1.67,"TRY Refs 1, 38",
SAAL5,Sassafras albidum (Nutt.) Nees,Lauraceae,tree,broad,AM,deciduous,C3,FALSE,Intolerant,1.68,"TRY Refs 1, 38",
ROPS,Robinia pseudoacacia L.,Fabaceae,tree,broad,EITHER,deciduous,C3,TRUE,Intolerant,1.72,"TRY Refs 1, 38",
PIJE,Pinus jeffreyi Balf.,Pinaceae,tree,needle,ECM,evergreen,C3,FALSE,Intolerant,1.74,"TRY Refs 1, 38",
PODE3,Populus deltoides W. Bartram ex Marshall,Salicaceae,tree,broad,EITHER,deciduous,C3,FALSE,Intolerant,1.76,"TRY Refs 1, 38",
PIRE,Pinus resinosa Aiton,Pinaceae,tree,needle,ECM,evergreen,C3,FALSE,Intolerant,1.89,"TRY Refs 1, 38",
CHCA2,Chamaedaphne calyculata (L.) Moench,Ericaceae,shrub,broad,,deciduous,C3,FALSE,Intolerant,1.93,"TRY Refs 1, 38",
COCO10,Cotinus coggygria Scop.,Anacardiaceae,tree,broad,AM,deciduous,C3,FALSE,Intolerant,1.93,"TRY Refs 1, 38",
JUNI,Juglans nigra L.,Juglandaceae,tree,broad,AM,deciduous,C3,FALSE,Intolerant,1.93,"TRY Refs 1, 38",
RHCA3,Rhamnus cathartica L.,Rhamnaceae,tree,broad,AM,deciduous,C3,FALSE,Intolerant,1.93,"TRY Refs 1, 38",
PIVI2,Pinus virginiana Mill.,Pinaceae,tree,needle,ECM,evergreen,C3,FALSE,Intolerant,1.99,"TRY Refs 1, 38",
SAAL2,Salix alba L.,Salicaceae,tree,broad,ECM,deciduous,C3,FALSE,Intolerant,1.99,"TRY Refs 1, 38",
CILI5,Citrus ×limon (L.) Burm. f. (pro sp.),Rutaceae,shrub,broad,AM,evergreen,C3,FALSE,Intolerant,2,"TRY Refs 1, 38",
PRIL,Prunus ilicifolia (Nutt. ex Hook. & Arn.) D. Dietr.,Rosaceae,tree,broad,,evergreen,C3,FALSE,Intolerant,2,"TRY Refs 1, 38",
QUAG,Quercus agrifolia Née,Fagaceae,tree,broad,ECM?,deciduous,C3,FALSE,Intolerant,2,"TRY Refs 1, 38",
QUDO,Quercus douglasii Hook. & Arn.,Fagaceae,tree,broad,ECM?,deciduous,C3,FALSE,Intolerant,2,"TRY Refs 1, 38",
BEPE3,Betula pendula Roth,Betulaceae,tree,broad,ECM,deciduous,C3,FALSE,Intolerant,2.03,"TRY Refs 1, 38",
LITU,Liriodendron tulipifera L.,Magnoliaceae,tree,broad,AM,deciduous,C3,FALSE,Intolerant,2.07,"TRY Refs 1, 38",
CATO6,Carya tomentosa (Lam.) Nutt.,Juglandaceae,tree,broad,,deciduous,C3,FALSE,Intolerant,2.2,"TRY Refs 1, 38",
POTR10,Populus tremula L.,Salicaceae,tree,broad,AM + ECM,deciduous,C3,FALSE,Intolerant,2.22,"TRY Refs 1, 38",
JURE80,Juglans regia L.,Juglandaceae,tree,broad,AM,deciduous,C3,FALSE,Intolerant,2.27,"TRY Refs 1, 38",
LIVU,Ligustrum vulgare L.,Oleaceae,shrub,broad,,deciduous,C3,FALSE,Intermediate,2.29,"TRY Refs 1, 38",
POAL7,Populus alba L.,Salicaceae,tree,broad,EITHER,deciduous,C3,FALSE,Intolerant,2.3,"TRY Refs 1, 38",
FRAM2,Fraxinus americana L.,Oleaceae,tree,broad,AM,deciduous,C3,FALSE,Intermediate,2.46,"TRY Refs 1, 38",
PRSE2,Prunus serotina Ehrh.,Rosaceae,tree,broad,AM,deciduous,C3,FALSE,Intermediate,2.46,"TRY Refs 1, 38",
QUPA2,Quercus palustris Münchh.,Fagaceae,tree,broad,ECM,deciduous,C3,FALSE,Intermediate,2.49,"TRY Refs 1, 38",
AECA,Aesculus californica (Spach) Nutt.,Hippocastanaceae,tree,broad,,deciduous,C3,FALSE,Intermediate,2.5,"TRY Refs 1, 38",
KALA,Kalmia latifolia L.,Ericaceae,tree,broad,ERM,evergreen,C3,FALSE,Intermediate,2.5,"TRY Refs 1, 38",
PRLU,Prunus lusitanica L.,Rosaceae,tree,broad,,deciduous,C3,FALSE,Intermediate,2.5,"TRY Refs 1, 38",
QUCH2,Quercus chrysolepis Liebm.,Fagaceae,tree,broad,ECM?,evergreen,C3,FALSE,Intermediate,2.5,"TRY Refs 1, 38",
QUWI2,Quercus wislizeni A. DC.,Fagaceae,tree,broad,ECM?,evergreen,C3,FALSE,Intermediate,2.5,"TRY Refs 1, 38",
BELE,Betula lenta L.,Betulaceae,tree,broad,ECM,deciduous,C3,FALSE,Intermediate,2.58,"TRY Refs 1, 38",
PIEL,Pinus elliottii Engelm.,Pinaceae,tree,needle,ECM,evergreen,C3,FALSE,Intermediate,2.65,"TRY Refs 1, 38",
FREX80,Fraxinus excelsior L.,Oleaceae,tree,broad,AM,deciduous,C3,FALSE,Intermediate,2.66,"TRY Refs 1, 38",
PILA,Pinus lambertiana Douglas,Pinaceae,tree,needle,ECM,evergreen,C3,FALSE,Intermediate,2.66,"TRY Refs 1, 38",
SYVU,Syringa vulgaris L.,Oleaceae,shrub,broad,,deciduous,C3,FALSE,Intermediate,2.66,"TRY Refs 1, 38",
ALGL2,Alnus glutinosa (L.) Gaertn.,Betulaceae,tree,broad,EITHER,deciduous,C3,TRUE,Intermediate,2.71,"TRY Refs 1, 38",
QUMA2,Quercus macrocarpa Michx.,Fagaceae,tree,broad,ECM,deciduous,C3,FALSE,Intermediate,2.71,"TRY Refs 1, 38",
QUVE,Quercus velutina Lam.,Fagaceae,tree,broad,ECM,deciduous,C3,FALSE,Intermediate,2.72,"TRY Refs 1, 38",
QURU,Quercus rubra L.,Fagaceae,tree,broad,ECM,deciduous,C3,FALSE,Intermediate,2.75,"TRY Refs 1, 38",
PSME,Pseudotsuga menziesii (Mirb.) Franco,Pinaceae,tree,broad,ECM,evergreen,C3,FALSE,Intermediate,2.78,"TRY Refs 1, 38",
QUAL,Quercus alba L.,Fagaceae,tree,broad,ECM,deciduous,C3,FALSE,Intermediate,2.85,"TRY Refs 1, 38",
HYMA7,Hydrangea macrophylla (Thunb.) Ser.,Hydrangeaceae,shrub,broad,,deciduous,,FALSE,Intermediate,2.92,"TRY Refs 1, 38",
FRNI,Fraxinus nigra Marshall,Oleaceae,tree,broad,AM,deciduous,C3,FALSE,Intermediate,2.96,"TRY Refs 1, 38",
HAVI4,Hamamelis virginiana L.,Hamamelidaceae,tree,broad,AM,deciduous,C3,FALSE,Intermediate,3,"TRY Refs 1, 38",
QULO,Quercus lobata Née,Fagaceae,tree,broad,ECM?,deciduous,C3,FALSE,Intermediate,3,"TRY Refs 1, 38",
QUIL2,Quercus ilex L.,Fagaceae,tree,broad,ECM,deciduous,C3,FALSE,Intermediate,3.02,"TRY Refs 1, 38",
MAAC,Magnolia acuminata (L.) L.,Magnoliaceae,tree,broad,AM,deciduous,C3,FALSE,Intermediate,3.03,"TRY Refs 1, 38",
FRPE,Fraxinus pennsylvanica Marshall,Oleaceae,tree,broad,AM,deciduous,C3,FALSE,Intermediate,3.11,"TRY Refs 1, 38",
ULAM,Ulmus americana L.,Ulmaceae,tree,broad,AM,deciduous,C3,FALSE,Intermediate,3.14,"TRY Refs 1, 38",
CASA27,Castanea sativa Mill.,Fagaceae,tree,broad,ECM,deciduous,C3,FALSE,Intermediate,3.15,"TRY Refs 1, 38",
BEAL2,Betula alleghaniensis Britton,Betulaceae,tree,broad,ECM,deciduous,C3,FALSE,Intermediate,3.17,"TRY Refs 1, 38",
CEOC,Celtis occidentalis L.,Ulmaceae,tree,broad,AM,deciduous,C3,FALSE,Intermediate,3.17,"TRY Refs 1, 38",
CADE27,Calocedrus decurrens (Torr.) Florin,Cupressaceae,tree,needle,AM,evergreen,C3,FALSE,Intermediate,3.21,"TRY Refs 1, 38",Amaranthus & Steinfeld. USDA FS Proceedings. “Arbuscular Mycorrhizal Inoculation...”
PIST,Pinus strobus L.,Pinaceae,tree,needle,ECM,evergreen,C3,FALSE,Intermediate,3.21,"TRY Refs 1, 38",
ACSP2,Acer spicatum Lam.,Aceraceae,tree,broad,AM,deciduous,C3,FALSE,Intermediate,3.31,"TRY Refs 1, 38",
ULRU,Ulmus rubra Muhl.,Ulmaceae,tree,broad,AM,deciduous,C3,FALSE,Intermediate,3.31,"TRY Refs 1, 38",
ARME,Arbutus menziesii Pursh,Ericaceae,tree,broad,"ABM, ECM",evergreen,C3,FALSE,Intermediate,3.32,"TRY Refs 1, 38",
TITO,Tilia tomentosa Moench,Tiliaceae,tree,broad,,deciduous,C3,FALSE,Intermediate,3.34,"TRY Refs 1, 38",
CAOV2,Carya ovata (Mill.) K. Koch,Juglandaceae,tree,broad,ECM,deciduous,C3,FALSE,Intermediate,3.4,"TRY Refs 1, 38",
ACRU,Acer rubrum L.,Aceraceae,tree,broad,AM,deciduous,C3,FALSE,Intermediate,3.44,"TRY Refs 1, 38",
THOC2,Thuja occidentalis L.,Cupressaceae,tree,needle,AM,evergreen,C3,FALSE,Intermediate,3.45,"TRY Refs 1, 38",
ACNE2,Acer negundo L.,Aceraceae,tree,broad,AM,deciduous,C3,FALSE,Intermediate,3.47,"TRY Refs 1, 38",
COAM3,Corylus americana Walter,Betulaceae,shrub,broad,,deciduous,C3,FALSE,Intermediate,3.5,"TRY Refs 1, 38",
NYSY,Nyssa sylvatica Marshall,Cornaceae,tree,broad,AM,deciduous,C3,FALSE,Intermediate,3.52,"TRY Refs 1, 38",
COAV80,Corylus avellana L.,Betulaceae,tree,broad,ECM,deciduous,C3,FALSE,Intermediate,3.53,"TRY Refs 1, 38",
ULGL,Ulmus glabra Huds.,Ulmaceae,tree,broad,AM,deciduous,C3,FALSE,Intermediate,3.53,"TRY Refs 1, 38",
ACPE,Acer pensylvanicum L.,Aceraceae,tree,broad,AM,deciduous,C3,FALSE,Intermediate,3.56,"TRY Refs 1, 38",
ACSA2,Acer saccharinum L.,Aceraceae,tree,broad,AM,deciduous,C3,FALSE,Intermediate,3.6,"TRY Refs 1, 38",
ACPS,Acer pseudoplatanus L.,Aceraceae,tree,broad,AM,deciduous,C3,FALSE,Tolerant,3.73,"TRY Refs 1, 38",
UMCA,Umbellularia californica (Hook. & Arn.) Nutt.,Lauraceae,tree,broad,AM,evergreen,C3,FALSE,Tolerant,3.84,"TRY Refs 1, 38",
ILAQ80,Ilex aquifolium L.,Aquifoliaceae,tree,broad,AM + ECM,evergreen,C3,FALSE,Tolerant,3.86,"TRY Refs 1, 38",
TIAM,Tilia americana L.,Tiliaceae,tree,broad,ECM,deciduous,C3,FALSE,Tolerant,3.98,"TRY Refs 1, 38",
TIPL,Tilia platyphyllos Scop.,Tiliaceae,tree,broad,ECM,deciduous,C3,FALSE,Tolerant,4,"TRY Refs 1, 38",
PIMA,"Picea mariana (Mill.) Britton, Sterns & Poggenb.",Pinaceae,tree,needle,ECM,evergreen,C3,FALSE,Tolerant,4.08,"TRY Refs 1, 38",
PRLA5,Prunus laurocerasus L.,Rosaceae,tree,broad,,deciduous,C3,FALSE,Tolerant,4.11,"TRY Refs 1, 38",
ACMA3,Acer macrophyllum Pursh,Aceraceae,tree,broad,AM,deciduous,C3,FALSE,Tolerant,4.14,"TRY Refs 1, 38",
PIGL,Picea glauca (Moench) Voss,Pinaceae,tree,needle,ECM,evergreen,C3,FALSE,Tolerant,4.15,"TRY Refs 1, 38",
ACPL,Acer platanoides L.,Aceraceae,tree,broad,AM,deciduous,C3,FALSE,Tolerant,4.2,"TRY Refs 1, 38",
ABCO,Abies concolor (Gord. & Glend.) Lindl. ex Hildebr.,Pinaceae,tree,needle,ECM,evergreen,C3,FALSE,Tolerant,4.33,"TRY Refs 1, 38",
PIRU,Picea rubens Sarg.,Pinaceae,tree,needle,ECM,evergreen,C3,FALSE,Tolerant,4.39,"TRY Refs 1, 38",
PIAB,Picea abies (L.) Karst.,Pinaceae,tree,needle,ECM,evergreen,C3,FALSE,Tolerant,4.45,"TRY Refs 1, 38",
PIEN,Picea engelmannii Parry ex Engelm.,Pinaceae,tree,needle,ECM,evergreen,C3,FALSE,Tolerant,4.53,"TRY Refs 1, 38",
FASY,Fagus sylvatica L.,Fagaceae,tree,broad,ECM,deciduous,C3,FALSE,Tolerant,4.56,"TRY Refs 1, 38",
OSVI,Ostrya virginiana (Mill.) K. Koch,Betulaceae,tree,broad,ECM,deciduous,C3,FALSE,Tolerant,4.58,"TRY Refs 1, 38",
FAGR,Fagus grandifolia Ehrh.,Fagaceae,tree,broad,ECM,deciduous,C3,FALSE,Tolerant,4.75,"TRY Refs 1, 38",
ACSA3,Acer saccharum Marshall,Aceraceae,tree,broad,AM,deciduous,C3,FALSE,Tolerant,4.76,"TRY Refs 1, 38",
TSCA,Tsuga canadensis (L.) Carrière,Pinaceae,tree,needle,ECM,evergreen,C3,FALSE,Tolerant,4.83,"TRY Refs 1, 38",
COFL2,Cornus florida L.,Cornaceae,tree,broad,AM,deciduous,C3,FALSE,Tolerant,4.87,"TRY Refs 1, 38",
ABBA,Abies balsamea (L.) Mill.,Pinaceae,tree,needle,ECM,evergreen,C3,FALSE,Tolerant,5.01,"TRY Refs 1, 38",
ABME,Abronia mellifera Douglas ex Hook.,Nyctaginaceae,herb,broad,AM?,deciduous,,FALSE,,,,
ACMA,Acacia macracantha Humb. & Bonpl. ex Willd.,Fabaceae,shrub,broad,AM,deciduous,,TRUE,,,,
ACSA,Acacia saligna (Labill.) Wendl. f.,Fabaceae,tree,broad,,evergreen,C3,FALSE,Intermediate,,http://shop.moonvalleynurseries.com/Acacia-Saligna-p/665.htm,
ALBIZ,Albizia Durazz.,Fabaceae,tree,broad,AM,,C3,TRUE,,,,
ild-32326,Albizia guachapele (Kunth) Dugand,Fabaceae,tree,broad,AM,evergreen,C3,FALSE,Intermediate,,,
kew-6968,Alseis blackiana Hemsl.,Rubiaceae,tree,broad,AM,evergreen,C3,FALSE,Tolerant,,Mendes et al. 2016 Plant Ecology,
kew-2635897,Anacardium excelsum (Bertero ex Kunth) Skeels,Anacardiaceae,tree,broad,AM,deciduous,C3,FALSE,Intermediate,,Fournier. “Anacardium excelsum”,
ANGE,Andropogon gerardii Vitman,Poaceae,graminoid,broad,AM,deciduous,C4,FALSE,Intolerant,,,
kew-2643251,Apeiba membranacea Spruce ex Benth.,Malvaceae,tree,broad,,deciduous,C3,FALSE,Intolerant,,Tyree et al. 1998 Oecologia “Growth dynamics of root and shoot...”,
ARLA2,Arctagrostis latifolia (R. Br.) Griseb.,Poaceae,graminoid,broad,AM,deciduous,C3,FALSE,Intolerant,,,
ARFU2,Arctophila fulva (Trin.) Rupr. ex Andersson,Poaceae,graminoid,broad,AM,deciduous,C3,FALSE,Intolerant,,USDA Plants,
ARCTO3,Arctostaphylos Adans.,Ericaceae,shrub,broad,ABM,evergreen,,FALSE,,,,
ARCA11,Artemisia californica Less.,Asteraceae,shrub,broad,AM,deciduous,C3,FALSE,,,,
kew-2664129,Astronium graveolens Jacq.,Anacardiaceae,tree,broad,AM,evergreen,C3,FALSE,Tolerant,,Schwarcz et al. 2010 “Genetic diversity in Atlantic Forest trees”,
AVENA,Avena L.,Poaceae,herb,broad,AM,deciduous,C3,FALSE,Intolerant,,,
BAAR8,Bambusa arundinacea (Retz.) Willd.,Poaceae,graminoid,broad,AM,deciduous,,FALSE,,,,
BEAL,Besseya alpina (A. Gray) Rydb.,Scrophulariaceae,herb,broad,,deciduous,,FALSE,,,,
BEVU2,Beta vulgaris L.,Chenopodiaceae,herb,broad,AM,deciduous,C3,FALSE,Intermediate,,http://www.pfaf.org/user/plant.aspx?LatinName=Beta+vulgaris+cicla,
BEGL,Betula glandulosa Michx.,Betulaceae,shrub,broad,,deciduous,C3,FALSE,,,,
BROL,Brassica oleracea L.,Brassicaceae,herb,broad,AM,deciduous,C3,FALSE,,,,
kew-30688,Callicarpa bodinieri H.Lév.,Lamiaceae,shrub,broad,AM,deciduous,,FALSE,Intermediate,,,
tro-3700004,Callichlamys latifolia (Rich.) K. Schum.,Bignoniaceae,vine,broad,AM,,C3,FALSE,,,,
CACA73,Calycophyllum candidissimum (Vahl) DC.,Rubiaceae,tree,broad,AM,deciduous,C3,FALSE,Intermediate,,http://tropical.theferns.info/viewtropical.php?id=Calycophyllum+candidissimum,
CAIN5,Capparis indica (L.) Druce,Capparaceae,tree,broad,AM,evergreen,C3,FALSE,Intermediate,,"Francis, “Capparis indica”",
CAAN4,Capsicum annuum L.,Solanaceae,shrub,broad,AM,evergreen,C3,FALSE,Intolerant,,http://www.pfaf.org/user/Plant.aspx?LatinName=Capsicum+annuum,
CAGU6,Carapa guianensis Aubl.,Meliaceae,tree,broad,AM,evergreen,C3,FALSE,Tolerant,,http://pfaf.org/user/Plant.aspx?LatinName=Carapa+guianensis,
CAAQ,Carex aquatilis Wahlenb.,Cyperaceae,graminoid,broad,NM,deciduous,C3,FALSE,Intolerant,,,
CAREX,Carex L.,Cyperaceae,herb,broad,NM,deciduous,C3,FALSE,,,,
CAEL5,Castilla elastica Sessé,Moraceae,tree,broad,AM,deciduous,C3,FALSE,Intolerant,,,
CECO,Ceanothus cordulatus Kellogg,Rhamnaceae,shrub,broad,AM,deciduous,C3,TRUE,Intolerant,,,
CECU,Ceanothus cuneatus (Hook.) Nutt.,Rhamnaceae,shrub,broad,AM,evergreen,C3,TRUE,Intolerant,,,
kew-2707049,Cecropia insignis Liebm.,Urticaceae,tree,broad,AM,deciduous,C3,FALSE,Intolerant,,Mendes et al. 2016 Plant Ecology,
CESC9,Cecropia schreberiana Miq.,Cecropiaceae,tree,broad,AM,evergreen,C3,FALSE,Intolerant,,Mendes et al. 2016 Plant Ecology,
CESI9,Cercis siliquastrum L.,Fabaceae,tree,broad,,deciduous,C3,FALSE,,,,
CHFO,Chamaebatia foliolosa Benth.,Rosaceae,shrub,broad,,evergreen,C3,TRUE,,,,
CHHU7,Chamaerops humilis L.,Arecaceae,tree,broad,AM,evergreen,C3,FALSE,,,,
CIRE3,Citrus reticulata Blanco,Rutaceae,tree,broad,AM,evergreen,C3,FALSE,,,,
ild-17602,Cojoba rufescens (Benth.) Britton & Rose,Fabaceae,tree,broad,,evergreen,C3,TRUE,,,,
COAL,Cordia alliodora (Ruiz & Pav.) Oken,Boraginaceae,tree,broad,AM,deciduous,C3,FALSE,Intermediate,,Mendes et al. 2016 Plant Ecology,
COSES,Cornus alba L.,Cornaceae,shrub,broad,AM,deciduous,C3,FALSE,Intolerant,,,
COMA18,Corylus maxima Mill.,Betulaceae,shrub,broad,,deciduous,C3,FALSE,,,,
kew-2747501,Cupania cinerea Poepp.,Sapindaceae,tree,broad,,,C3,FALSE,Tolerant,,Mendes et al. 2016 Plant Ecology,
DIOC3,Dirca occidentalis A. Gray,Thymelaeaceae,shrub,broad,,deciduous,C3,FALSE,,,,
DUFI,Dupontia fisheri R. Br.,Poaceae,graminoid,broad,AM,deciduous,,FALSE,,,,
ENVE2,Ensete ventricosum (Welw.) Cheeseman,Musaceae,herb,broad,,evergreen,,FALSE,,,,
ERCA6,Eriodictyon californicum (Hook. & Arn.) Torr.,Hydrophyllaceae,shrub,broad,,evergreen,C3,FALSE,Intolerant,,,
ERAN6,Eriophorum angustifolium Honck.,Cyperaceae,graminoid,broad,AM + NM,evergreen,C3,FALSE,Intermediate,,http://www.pfaf.org/user/plant.aspx?LatinName=Eriophorum+angustifolium,
EUGU5,Eucalyptus gunnii Hook. f.,Myrtaceae,tree,broad,,evergreen,C3,FALSE,,,,
EUFO5,Euonymus fortunei (Turcz.) Hand.-Maz.,Celastraceae,shrub,broad,AM,deciduous,,FALSE,,,,
FICA,Ficus carica L.,Moraceae,tree,broad,AM,deciduous,C3,FALSE,Intermediate,,https://www.whiteflowerfarm.com/how-to-grow-fig-ficus-carica,
kew-2810868,Ficus insipida Willd.,Moraceae,tree,broad,AM,evergreen,C3,FALSE,Intolerant,,,
GERAN,Geranium L.,Geraniaceae,herb,broad,AM,deciduous,C3,FALSE,,,,
GLMA4,Glycine max (L.) Merr.,Fabaceae,herb,broad,AM,deciduous,C3,TRUE,,,,
kew-2834344,Guatteria dumetorum R.E.Fr.,Annonaceae,tree,broad,AM,evergreen,C3,FALSE,Tolerant,,Uriarte et al. 2004 “A spatially explicit model” J. Ecology,
kew-314-067,Gustavia superba (Kunth) O.Berg,Lecythidaceae,tree,broad,,evergreen,C3,FALSE,Tolerant,,Tyree et al. 1998 Oecologia “Growth dynamics of root and shoot...”,
HEHE,Hedera helix L.,Araliaceae,vine,broad,AM,deciduous,C3,FALSE,Tolerant,,,
HEAN3,Helianthus annuus L.,Asteraceae,herb,broad,AM,deciduous,C3,FALSE,Intolerant,,,
ild-12189,Inga pezizifera Benth.,Fabaceae,tree,broad,AM,,C3,TRUE,Intolerant,,Roggy & Prevost 1999 New Phytologist. “Nitrogen fixing legumes”,
IRGE,Iris germanica L.,Iridaceae,herb,broad,AM,deciduous,,FALSE,,,,
LASA3,Lactuca sativa L.,Asteraceae,herb,broad,AM,deciduous,C3,FALSE,,,,
LANO80,Laurus nobilis L.,Lauraceae,tree,broad,AM,evergreen,C3,FALSE,,,,
LEGR,Ledum groenlandicum Oeder,Ericaceae,shrub,broad,ERM,deciduous,C3,FALSE,,,,
LOPE,Lolium perenne L.,Poaceae,graminoid,broad,AM,deciduous,C4,FALSE,Intolerant,,,
LONIC,Lonicera L.,Caprifoliaceae,shrub,broad,AM,deciduous,C3,FALSE,,,,
LUPA,Ludwigia palustris (L.) Elliott,Onagraceae,herb,broad,AM,deciduous,C3,FALSE,,,,
kew-2496835,Luehea seemannii Triana & Planch,Malvaceae,tree,broad,AM,evergreen,C3,FALSE,Intermediate,,(Genus) Mendes,
LUAR9,Luzula arctica Blytt,Juncaceae,graminoid,broad,,,C3,FALSE,,,,
MALA6,Malosma laurina (Nutt.) Nutt. ex Abrams,Anacardiaceae,tree,broad,AM,evergreen,C3,FALSE,Intolerant,,http://www.moosacreeknursery.com/Native_Plants/294/Malosma-laurina,
MESA,Medicago sativa L.,Fabaceae,herb,broad,AM,deciduous,C3,TRUE,Intermediate,,https://researcharchive.lincoln.ac.nz/handle/10182/1477,
tro-20302666,Miconia argentea (Sw.) DC.,Melastomataceae,tree,broad,AM,deciduous,C3,FALSE,Intolerant,,Uriarte et al. 2004 “A spatially explicit model” J. Ecology,(Genus) Kottke et al. 2004 J. Trop. Eco.
tro-20302782,Miconia borealis Gleason,Melastomataceae,shrub,broad,AM,deciduous,C3,FALSE,,,,(Genus) Kottke et al. 2004 J. Trop. Eco.
MONI,Morus nigra L.,Moraceae,tree,broad,AM,deciduous,C3,FALSE,,,,
ORSA,Oryza sativa L.,Poaceae,graminoid,broad,AM,deciduous,C4,FALSE,Intermediate,,http://link.springer.com/article/10.1023/A:1013758504857,
OSHE,Osmanthus heterophyllus (G. Don) P.S. Green,Oleaceae,tree,broad,,evergreen,C3,FALSE,Intermediate,,http://www.greatplantpicks.org/plantlists/view/1062,
PATR6,Parthenocissus tricuspidata (Siebold & Zucc.) Planch.,Vitaceae,vine,broad,AM,deciduous,,FALSE,Tolerant,,,
PEAM3,Persea americana Mill.,Lauraceae,tree,broad,AM,evergreen,C3,FALSE,Intermediate,,http://www.tradewindsfruit.com/content/avocado.htm,
PEFR5,Petasites frigidus (L.) Fr.,Asteraceae,herb,broad,NM,deciduous,C3,FALSE,,,,
PHAR3,Phalaris arundinacea L.,Poaceae,graminoid,broad,AM,deciduous,C3,FALSE,Intolerant,,,
PHPR3,Phleum pratense L.,Poaceae,graminoid,broad,AM,deciduous,C3,FALSE,Intermediate,,,
PHOEN2,Phoenix L.,Arecaceae,tree,broad,AM,evergreen,C3,FALSE,,,,
PHLE14,Phoradendron leucarpum (Raf.) Reveal & M.C. Johnst.,Viscaceae,shrub,broad,,,,FALSE,,,,
PHAU7,Phragmites australis (Cav.) Trin. ex Steud.,Poaceae,shrub,broad,AM,deciduous,C3,TRUE,Intolerant,,,
PISA,Pimpinella saxifraga L.,Apiaceae,herb,broad,AM,evergreen,C3,FALSE,,,,
PIPU5,Pinus pungens Lamb.,Pinaceae,tree,needle,ECM,evergreen,C3,FALSE,Intolerant,,https://www.fs.fed.us/database/feis/plants/tree/pinpun/all.html,
PIRE10,Piper reticulatum L. [excluded],Piperaceae,tree,broad,NM,evergreen,C3,FALSE,,,,
PIME4,Pistacia mexicana Kunth,Anacardiaceae,shrub,broad,AM,deciduous,C3,FALSE,intolerant,,http://www.pfaf.org/user/Plant.aspx?LatinName=Pistacia+vera,
kew-156694,Pittoniotis trichantha Griseb.,Rubiaceae,tree,broad,AM,evergreen,C3,FALSE,,,,
kew-163583,Posoqueria latifolia (Rudge) Schult.,Rubiaceae,tree,broad,AM,evergreen,C3,FALSE,intolerant,,,
PONA6,Potentilla nana Willd. ex Schltdl.,Rosaceae,herb,broad,AM?,,,FALSE,tolerant,,http://www.pfaf.org/user/plant.aspx?latinname=Petasites+frigidus,
PRDU,Prunus dulcis (Mill.) D.A. Webb,Rosaceae,tree,broad,AM,deciduous,C3,FALSE,Intolerant,,http://www.pfaf.org/user/plant.aspx?LatinName=Prunus+dulcis,Roldan-Fajardo et al. 1982 Plant and Soil.
PRUNU,Prunus L.,Rosaceae,tree,broad,AM,deciduous,C3,FALSE,,,,
PRPE2,Prunus pensylvanica L. f.,Rosaceae,tree,broad,AM,deciduous,C3,FALSE,Intolerant,,https://www.na.fs.fed.us/pubs/silvics_manual/volume_2/prunus/pensylvanica.htm,
PUGR2,Punica granatum L.,Punicaceae,tree,broad,AM,deciduous,C3,FALSE,Intermediate,,https://plants.ces.ncsu.edu/plants/all/punica-granatum/,
PUNIC,Punica L.,Punicaceae,tree,broad,AM,deciduous,C3,FALSE,Intermediate,,https://plants.ces.ncsu.edu/plants/all/punica-granatum/,
QUWI,"Quercus ×willdenowiana (Dippel) Beissner, Schelle & Zabel (pro sp.)",Fagaceae,tree,broad,ECM?,,C3,FALSE,,,,
QUEL,Quercus ellipsoidalis E.J. Hill,Fagaceae,tree,broad,ECM,deciduous,C3,FALSE,,,,
QUMO4,Quercus montana Willd.,Fagaceae,tree,broad,ECM?,,C3,FALSE,,,,
kew-174591,Quercus pubescens Willd.,Fagaceae,tree,broad,ECM,deciduous,C3,FALSE,Intolerant,,"TRY Refs 1, 38",
RHMA,Rhexia mariana L.,Melastomataceae,herb,broad,,deciduous,,FALSE,,,,
tro-50060048,Rhododendron calophytum Franch.,Ericaceae,shrub,broad,ERM,evergreen,C3,FALSE,Intermediate,,,
SAAT2,Salix atrocinerea Brot.,Salicaceae,shrub,broad,AM + ECM,deciduous,C3,FALSE,,,,
SALIX,Salix L.,Salicaceae,tree,broad,EITHER,deciduous,C3,FALSE,,,,
SAPU15,Salix pulchra Cham.,Salicaceae,shrub,broad,ECM,deciduous,C3,FALSE,intolerant,,http://www.pfaf.org/user/Plant.aspx?LatinName=Salix+pulchra,
SARI4,Salix richardsonii Hook.,Salicaceae,shrub,broad,,deciduous,,FALSE,Intolerant,,,
SARO2,Salix rotundifolia Trautv.,Salicaceae,shrub,broad,,,,FALSE,,,,
SAAP2,Salvia apiana Jeps.,Lamiaceae,shrub,broad,AM,,,FALSE,,,,
SAME3,Salvia mellifera Greene,Lamiaceae,shrub,broad,AM,deciduous,C3,FALSE,,,,
SAOF2,Salvia officinalis L.,Lamiaceae,shrub,broad,AM,evergreen,C3,FALSE,,,,
SANEN,Saxifraga punctata L.,Saxifragaceae,herb,broad,AM,deciduous,,FALSE,Intermediate,,,
SCAR10,Schefflera arboricola (Hayata) Merr.,Araliaceae,shrub,broad,AM,evergreen,,FALSE,,,,
kew-2580434,Simarouba amara Aubl.,Simaroubaceae,tree,broad,AM,evergreen,C3,FALSE,Intolerant,,Mendes et al. 2016 Plant Ecology,
SOLY2,Solanum lycopersicum L.,Solanaceae,herb,broad,AM,deciduous,,FALSE,,,,
SOTU,Solanum tuberosum L.,Solanaceae,shrub,broad,AM,deciduous,C3,FALSE,Intermediate,,http://www.nzdl.org/gsdlmod?e=d-00000-00---off-0fnl2.2--00-0----0-10-0---0---0direct-10---4-------0-1l--11-en-50---20-about---00-0-1-00-0--4----0-0-11-10-0utfZz-8-00&cl=CL1.1&d=HASH018f0698116ebe8c31aa6a96.6.5&gt=1,
SOHA,Sorghum halepense (L.) Pers.,Poaceae,graminoid,broad,AM,deciduous,C4,FALSE,Intolerant,,,
SPPE,Spartina pectinata Bosc ex Link,Poaceae,graminoid,broad,AM,deciduous,C4,FALSE,Intolerant,,,
ild-10610,Tachigali versicolor Standl. & L.O.Williams,Fabaceae,tree,broad,,evergreen,C3,TRUE,Tolerant,,"Loveless et al. 1998 Heredity. “Population, structure, and mating system in Tachagli versicolor.”",
kew-2431494,Terminalia amazonia (J.F.Gmel.) Exell,Combretaceae,tree,broad,AM,evergreen,C3,FALSE,Intermediate,,,
kew-206933,Tocoyena pittieri (Standl.) Standl.,Rubiaceae,tree,broad,AM,,C3,FALSE,,,,
TRPR2,Trifolium pratense L.,Fabaceae,herb,broad,AM,deciduous,C3,TRUE,,,,
TYAN,Typha angustifolia L.,Typhaceae,herb,broad,AM,deciduous,C3,FALSE,Intolerant,,,
TYLA,Typha latifolia L.,Typhaceae,herb,broad,AM,deciduous,C3,FALSE,Intermediate,,,
URDI,Urtica dioica L.,Urticaceae,herb,broad,AM,deciduous,C3,FALSE,,,,
USNEA2,Usnea Dill. ex Adans.,Parmeliaceae,lichen,,,,,FALSE,,,,
VAVI,Vaccinium vitis-idaea L.,Ericaceae,shrub,broad,ERM,deciduous,C3,FALSE,,,,
VIPL,Viburnum plicatum Thunb.,Caprifoliaceae,shrub,broad,AM,deciduous,,FALSE,,,,
VIRH,Viburnum rhytidophyllum Hemsl.,Caprifoliaceae,shrub,broad,AM,evergreen,,FALSE,,,,
VITI2,Viburnum tinus L.,Caprifoliaceae,shrub,broad,AM,deciduous,C3,FALSE,,,,
kew-2452051,Virola multiflora (Standl.) A.C.Sm.,Myristicaceae,tree,broad,AM,,C3,FALSE,Tolerant,,(Genus) Uriarte; Mendes,
VITIS,Vitis L.,Vitaceae,vine,broad,AM,deciduous,,FALSE,,,,
VIVI5,Vitis vinifera L.,Vitaceae,vine,broad,AM,deciduous,C3,FALSE,,,,
kew-2461164,Vochysia ferruginea Mart.,Vochysiaceae,tree,broad,AM,evergreen,C3,FALSE,Intermediate,,,Picone 2000. Biotropica. “Diversity and abundance...”
WEFL2,Weigela florida (Bunge) A. DC.,Caprifoliaceae,shrub,broad,AM,deciduous,,FALSE,,,,
WYETH,Wyethia Nutt.,Asteraceae,herb,broad,,deciduous,,FALSE,,,,
XAST,Xanthium strumarium L.,Asteraceae,herb,broad,,deciduous,C3,FALSE,,,,
ZEMA,Zea mays L.,Poaceae,graminoid,broad,AM,deciduous,C4,FALSE,,,,
ALVIS,,Betulaceae,shrub,broad,ECM,deciduous,,FALSE,Intermediate,,,
SAGL,Salix glauca L. ,Salicaceae,shrub,broad,EM,deciduous,C3,FALSE,Intolerant,,,
